UNIPROT_AC,Entry Name,Gene Names (primary),Sequence,GeneID,Organism
Q9NR21,PAR11_HUMAN,PARP11,MWEANPEMFHKAEELFSKTTNNEVDDMDTSDTQWGWFYLAECGKWHMFQPDTNSQCSVSSEDIEKSFKTNPCGSISFTTSKFSYKIDFAEMKQMNLTTGKQRLIKRAPFSISAFSYICENEAIPMPPHWENVNTQVPYQLIPLHNQTHEYNEVANLFGKTMDRNRIKRIQRIQNLDLWEFFCRKKAQLKKKRGVPQINEQMLFHGTSSEFVEAICIHNFDWRINGIHGAVFGKGTYFARDAAYSSRFCKDDIKHGNTFQIHGVSLQQRHLFRTYKSMFLARVLIGDYINGDSKYMRPPSKDGSYVNLYDSCVDDTWNPKIFVVFDANQIYPEYLIDFH,57097;,Homo sapiens (Human)
P17752,TPH1_HUMAN,TPH1,MIEDNKENKDHSLERGRASLIFSLKNEVGGLIKALKIFQEKHVNLLHIESRKSKRRNSEFEIFVDCDINREQLNDIFHLLKSHTNVLSVNLPDNFTLKEDGMETVPWFPKKISDLDHCANRVLMYGSELDADHPGFKDNVYRKRRKYFADLAMNYKHGDPIPKVEFTEEEIKTWGTVFQELNKLYPTHACREYLKNLPLLSKYCGYREDNIPQLEDVSNFLKERTGFSIRPVAGYLSPRDFLSGLAFRVFHCTQYVRHSSDPFYTPEPDTCHELLGHVPLLAEPSFAQFSQEIGLASLGASEEAVQKLATCYFFTVEFGLCKQDGQLRVFGAGLLSSISELKHALSGHAKVKPFDPKITCKQECLITTFQDVYFVSESFEDAKEKMREFTKTIKRPFGVKYNPYTRSIQILKDTKSITSAMNELQHDLDVVSDALAKVSRKPSI,7166;,Homo sapiens (Human)
P31645,SC6A4_HUMAN,SLC6A4,METTPLNSQKQLSACEDGEDCQENGVLQKVVPTPGDKVESGQISNGYSAVPSPGAGDDTRHSIPATTTTLVAELHQGERETWGKKVDFLLSVIGYAVDLGNVWRFPYICYQNGGGAFLLPYTIMAIFGGIPLFYMELALGQYHRNGCISIWRKICPIFKGIGYAICIIAFYIASYYNTIMAWALYYLISSFTDQLPWTSCKNSWNTGNCTNYFSEDNITWTLHSTSPAEEFYTRHVLQIHRSKGLQDLGGISWQLALCIMLIFTVIYFSIWKGVKTSGKVVWVTATFPYIILSVLLVRGATLPGAWRGVLFYLKPNWQKLLETGVWIDAAAQIFFSLGPGFGVLLAFASYNKFNNNCYQDALVTSVVNCMTSFVSGFVIFTVLGYMAEMRNEDVSEVAKDAGPSLLFITYAEAIANMPASTFFAIIFFLMLITLGLDSTFAGLEGVITAVLDEFPHVWAKRRERFVLAVVITCFFGSLVTLTFGGAYVVKLLEEYATGPAVLTVALIEAVAVSWFYGITQFCRDVKEMLGFSPGWFWRICWVAISPLFLLFIICSFLMSPPQLRLFQYNYPYWSIILGYCIGTSSFICIPTYIAYRLIITPGTFKERIIKSITPETPTEIPCGDIRLNAV,6532;,Homo sapiens (Human)
Q709F0,ACD11_HUMAN,ACAD11,MKPGATGESDLAEVLPQHKFDSKSLEAYLNQHLSGFGAEREATLTIAQYRAGKSNPTFYLQKGFQTYVLRKKPPGSLLPKAHQIDREFKVQKALFSIGFPVPKPILYCSDTSVIGTEFYVMEHVQGRIFRDLTIPGLSPAERSAIYVATVETLAQLHSLNIQSLQLEGYGIGAGYCKRQVSTWTKQYQAAAHQDIPAMQQLSEWLMKNLPDNDNEENLIHGDFRLDNIVFHPKECRVIAVLDWELSTIGHPLSDLAHFSLFYFWPRTVPMINQGSYSENSGIPSMEELISIYCRCRGINSILPNWNFFLALSYFKMAGIAQGVYSRYLLGNNSSEDSFLFANIVQPLAETGLQLSKRTFSTVLPQIDTTGQLFVQTRKGQEVLIKVKHFMKQHILPAEKEVTEFYVQNENSVDKWGKPLVIDKLKEMAKVEGLWNLFLPAVSGLSHVDYALIAEETGKCFFAPDVFNCQAPDTGNMEVLHLYGSEEQKKQWLEPLLQGNITSCFCMTEPDVASSDATNIECSIQRDEDSYVINGKKWWSSGAGNPKCKIAIVLGRTQNTSLSRHKQHSMILVPMNTPGVKIIRPLSVFGYTDNFHGGHFEIHFNQVRVPATNLILGEGRGFEISQGRLGPGRIHHCMRTVGLAERALQIMCERATQRIAFKKKLYAHEVVAHWIAESRIAIEKIRLLTLKAAHSMDTLGSAGAKKEIAMIKVAAPRAVSKIVDWAIQVCGGAGVSQDYPLANMYAITRVLRLADGPDEVHLSAIATMELRDQAKRLTAKI,84129;,Homo sapiens (Human)
P51149,RAB7A_HUMAN,RAB7A,MTSRKKVLLKVIILGDSGVGKTSLMNQYVNKKFSNQYKATIGADFLTKEVMVDDRLVTMQIWDTAGQERFQSLGVAFYRGADCCVLVFDVTAPNTFKTLDSWRDEFLIQASPRDPENFPFVVLGNKIDLENRQVATKRAQAWCYSKNNIPYFETSAKEAINVEQAFQTIARNALKQETEVELYNEFPEPIKLDKNDRAKASAESCSC,7879;,Homo sapiens (Human)
P20292,AL5AP_HUMAN,ALOX5AP,MDQETVGNVVLLAIVTLISVVQNGFFAHKVEHESRTQNGRSFQRTGTLAFERVYTANQNCVDAYPTFLAVLWSAGLLCSQVPAAFAGLMYLFVRQKYFVGYLGERTQSTPGYIFGKRIILFLFLMSVAGIFNYYLIFFFGSDFENYIKTISTTISPLLLIP,241;,Homo sapiens (Human)
P15090,FABP4_HUMAN,FABP4,MCDAFVGTWKLVSSENFDDYMKEVGVGFATRKVAGMAKPNMIISVNGDVITIKSESTFKNTEISFILGQEFDEVTADDRKVKSTITLDGGVLVHVQKWDGKSTTIKRKREDDKLVVECVMKGVTSTRVYERA,2167;,Homo sapiens (Human)
P23975,SC6A2_HUMAN,SLC6A2,MLLARMNPQVQPENNGADTGPEQPLRARKTAELLVVKERNGVQCLLAPRDGDAQPRETWGKKIDFLLSVVGFAVDLANVWRFPYLCYKNGGGAFLIPYTLFLIIAGMPLFYMELALGQYNREGAATVWKICPFFKGVGYAVILIALYVGFYYNVIIAWSLYYLFSSFTLNLPWTDCGHTWNSPNCTDPKLLNGSVLGNHTKYSKYKFTPAAEFYERGVLHLHESSGIHDIGLPQWQLLLCLMVVVIVLYFSLWKGVKTSGKVVWITATLPYFVLFVLLVHGVTLPGASNGINAYLHIDFYRLKEATVWIDAATQIFFSLGAGFGVLIAFASYNKFDNNCYRDALLTSSINCITSFVSGFAIFSILGYMAHEHKVNIEDVATEGAGLVFILYPEAISTLSGSTFWAVVFFVMLLALGLDSSMGGMEAVITGLADDFQVLKRHRKLFTFGVTFSTFLLALFCITKGGIYVLTLLDTFAAGTSILFAVLMEAIGVSWFYGVDRFSNDIQQMMGFRPGLYWRLCWKFVSPAFLLFVVVVSIINFKPLTYDDYIFPPWANWVGWGIALSSMVLVPIYVIYKFLSTQGSLWERLAYGITPENEHHLVAQRDIRQFQLQHWLAI,6530;,Homo sapiens (Human)
P15735,PHKG2_HUMAN,PHKG2,MTLDVGPEDELPDWAAAKEFYQKYDPKDVIGRGVSSVVRRCVHRATGHEFAVKIMEVTAERLSPEQLEEVREATRRETHILRQVAGHPHIITLIDSYESSSFMFLVFDLMRKGELFDYLTEKVALSEKETRSIMRSLLEAVSFLHANNIVHRDLKPENILLDDNMQIRLSDFGFSCHLEPGEKLRELCGTPGYLAPEILKCSMDETHPGYGKEVDLWACGVILFTLLAGSPPFWHRRQILMLRMIMEGQYQFSSPEWDDRSSTVKDLISRLLQVDPEARLTAEQALQHPFFERCEGSQPWNLTPRQRFRVAVWTVLAAGRVALSTHRVRPLTKNALLRDPYALRSVRHLIDNCAFRLYGHWVKKGEQQNRAALFQHRPPGPFPIMGPEEEGDSAAITEDEAVLVLG,5261;,Homo sapiens (Human)
Q12809,KCNH2_HUMAN,KCNH2,MPVRRGHVAPQNTFLDTIIRKFEGQSRKFIIANARVENCAVIYCNDGFCELCGYSRAEVMQRPCTCDFLHGPRTQRRAAAQIAQALLGAEERKVEIAFYRKDGSCFLCLVDVVPVKNEDGAVIMFILNFEVVMEKDMVGSPAHDTNHRGPPTSWLAPGRAKTFRLKLPALLALTARESSVRSGGAGGAGAPGAVVVDVDLTPAAPSSESLALDEVTAMDNHVAGLGPAEERRALVGPGSPPRSAPGQLPSPRAHSLNPDASGSSCSLARTRSRESCASVRRASSADDIEAMRAGVLPPPPRHASTGAMHPLRSGLLNSTSDSDLVRYRTISKIPQITLNFVDLKGDPFLASPTSDREIIAPKIKERTHNVTEKVTQVLSLGADVLPEYKLQAPRIHRWTILHYSPFKAVWDWLILLLVIYTAVFTPYSAAFLLKETEEGPPATECGYACQPLAVVDLIVDIMFIVDILINFRTTYVNANEEVVSHPGRIAVHYFKGWFLIDMVAAIPFDLLIFGSGSEELIGLLKTARLLRLVRVARKLDRYSEYGAAVLFLLMCTFALIAHWLACIWYAIGNMEQPHMDSRIGWLHNLGDQIGKPYNSSGLGGPSIKDKYVTALYFTFSSLTSVGFGNVSPNTNSEKIFSICVMLIGSLMYASIFGNVSAIIQRLYSGTARYHTQMLRVREFIRFHQIPNPLRQRLEEYFQHAWSYTNGIDMNAVLKGFPECLQADICLHLNRSLLQHCKPFRGATKGCLRALAMKFKTTHAPPGDTLVHAGDLLTALYFISRGSIEILRGDVVVAILGKNDIFGEPLNLYARPGKSNGDVRALTYCDLHKIHRDDLLEVLDMYPEFSDHFWSSLEITFNLRDTNMIPGSPGSTELEGGFSRQRKRKLSFRRRTDKDTEQPGEVSALGPGRAGAGPSSRGRPGGPWGESPSSGPSSPESSEDEGPGRSSSPLRLVPFSSPRPPGEPPGGEPLMEDCEKSSDTCNPLSGAFSGVSNIFSFWGDSRGRQYQELPRCPAPTPSLLNIPLSSPGRRPRGDVESRLDALQRQLNRLETRLSADMATVLQLLQRQMTLVPPAYSAVTTPGPGPTSTSPLLPVSPLPTLTLDSLSQVSQFMACEELPPGAPELPQEGPTRRLSLPGQLGALTSQPLHRHGSDPGS,3757;,Homo sapiens (Human)
Q16850,CP51A_HUMAN,CYP51A1,MAAAAGMLLLGLLQAGGSVLGQAMEKVTGGNLLSMLLIACAFTLSLVYLIRLAAGHLVQLPAGVKSPPYIFSPIPFLGHAIAFGKSPIEFLENAYEKYGPVFSFTMVGKTFTYLLGSDAAALLFNSKNEDLNAEDVYSRLTTPVFGKGVAYDVPNPVFLEQKKMLKSGLNIAHFKQHVSIIEKETKEYFESWGESGEKNVFEALSELIILTASHCLHGKEIRSQLNEKVAQLYADLDGGFSHAAWLLPGWLPLPSFRRRDRAHREIKDIFYKAIQKRRQSQEKIDDILQTLLDATYKDGRPLTDDEVAGMLIGLLLAGQHTSSTTSAWMGFFLARDKTLQKKCYLEQKTVCGENLPPLTYDQLKDLNLLDRCIKETLRLRPPIMIMMRMARTPQTVAGYTIPPGHQVCVSPTVNQRLKDSWVERLDFNPDRYLQDNPASGEKFAYVPFGAGRHRCIGENFAYVQIKTIWSTMLRLYEFDLIDGYFPTVNYTTMIHTPENPVIRYKRRSK,1595;,Homo sapiens (Human)
Q9UQD0,SCN8A_HUMAN,SCN8A,MAARLLAPPGPDSFKPFTPESLANIERRIAESKLKKPPKADGSHREDDEDSKPKPNSDLEAGKSLPFIYGDIPQGLVAVPLEDFDPYYLTQKTFVVLNRGKTLFRFSATPALYILSPFNLIRRIAIKILIHSVFSMIIMCTILTNCVFMTFSNPPDWSKNVEYTFTGIYTFESLVKIIARGFCIDGFTFLRDPWNWLDFSVIMMAYITEFVNLGNVSALRTFRVLRALKTISVIPGLKTIVGALIQSVKKLSDVMILTVFCLSVFALIGLQLFMGNLRNKCVVWPINFNESYLENGTKGFDWEEYINNKTNFYTVPGMLEPLLCGNSSDAGQCPEGYQCMKAGRNPNYGYTSFDTFSWAFLALFRLMTQDYWENLYQLTLRAAGKTYMIFFVLVIFVGSFYLVNLILAVVAMAYEEQNQATLEEAEQKEAEFKAMLEQLKKQQEEAQAAAMATSAGTVSEDAIEEEGEEGGGSPRSSSEISKLSSKSAKERRNRRKKRKQKELSEGEEKGDPEKVFKSESEDGMRRKAFRLPDNRIGRKFSIMNQSLLSIPGSPFLSRHNSKSSIFSFRGPGRFRDPGSENEFADDEHSTVEESEGRRDSLFIPIRARERRSSYSGYSGYSQGSRSSRIFPSLRRSVKRNSTVDCNGVVSLIGGPGSHIGGRLLPEATTEVEIKKKGPGSLLVSMDQLASYGRKDRINSIMSVVTNTLVEELEESQRKCPPCWYKFANTFLIWECHPYWIKLKEIVNLIVMDPFVDLAITICIVLNTLFMAMEHHPMTPQFEHVLAVGNLVFTGIFTAEMFLKLIAMDPYYYFQEGWNIFDGFIVSLSLMELSLADVEGLSVLRSFRLLRVFKLAKSWPTLNMLIKIIGNSVGALGNLTLVLAIIVFIFAVVGMQLFGKSYKECVCKINQDCELPRWHMHDFFHSFLIVFRVLCGEWIETMWDCMEVAGQAMCLIVFMMVMVIGNLVVLNLFLALLLSSFSADNLAATDDDGEMNNLQISVIRIKKGVAWTKLKVHAFMQAHFKQREADEVKPLDELYEKKANCIANHTGADIHRNGDFQKNGNGTTSGIGSSVEKYIIDEDHMSFINNPNLTVRVPIAVGESDFENLNTEDVSSESDPEGSKDKLDDTSSSEGSTIDIKPEVEEVPVEQPEEYLDPDACFTEGCVQRFKCCQVNIEEGLGKSWWILRKTCFLIVEHNWFETFIIFMILLSSGALAFEDIYIEQRKTIRTILEYADKVFTYIFILEMLLKWTAYGFVKFFTNAWCWLDFLIVAVSLVSLIANALGYSELGAIKSLRTLRALRPLRALSRFEGMRVVVNALVGAIPSIMNVLLVCLIFWLIFSIMGVNLFAGKYHYCFNETSEIRFEIEDVNNKTECEKLMEGNNTEIRWKNVKINFDNVGAGYLALLQVATFKGWMDIMYAAVDSRKPDEQPKYEDNIYMYIYFVIFIIFGSFFTLNLFIGVIIDNFNQQKKKFGGQDIFMTEEQKKYYNAMKKLGSKKPQKPIPRPLNKIQGIVFDFVTQQAFDIVIMMLICLNMVTMMVETDTQSKQMENILYWINLVFVIFFTCECVLKMFALRHYYFTIGWNIFDFVVVILSIVGMFLADIIEKYFVSPTLFRVIRLARIGRILRLIKGAKGIRTLLFALMMSLPALFNIGLLLFLVMFIFSIFGMSNFAYVKHEAGIDDMFNFETFGNSMICLFQITTSAGWDGLLLPILNRPPDCSLDKEHPGSGFKGDCGNPSVGIFFFVSYIIISFLIVVNMYIAIILENFSVATEESADPLSEDDFETFYEIWEKFDPDATQFIEYCKLADFADALEHPLRVPKPNTIELIAMDLPMVSGDRIHCLDILFAFTKRVLGDSGELDILRQQMEERFVASNPSKVSYEPITTTLRRKQEEVSAVVLQRAYRGHLARRGFICKKTTSNKLENGGTHREKKESTPSTASLPSYDSVTKPEKEKQQRAEEGRRERAKRQKEVRESKC,6334;,Homo sapiens (Human)
Q7RTX1,TS1R1_HUMAN,TAS1R1,MLLCTARLVGLQLLISCCWAFACHSTESSPDFTLPGDYLLAGLFPLHSGCLQVRHRPEVTLCDRSCSFNEHGYHLFQAMRLGVEEINNSTALLPNITLGYQLYDVCSDSANVYATLRVLSLPGQHHIELQGDLLHYSPTVLAVIGPDSTNRAATTAALLSPFLVPMISYAASSETLSVKRQYPSFLRTIPNDKYQVETMVLLLQKFGWTWISLVGSSDDYGQLGVQALENQATGQGICIAFKDIMPFSAQVGDERMQCLMRHLAQAGATVVVVFSSRQLARVFFESVVLTNLTGKVWVASEAWALSRHITGVPGIQRIGMVLGVAIQKRAVPGLKAFEEAYARADKKAPRPCHKGSWCSSNQLCRECQAFMAHTMPKLKAFSMSSAYNAYRAVYAVAHGLHQLLGCASGACSRGRVYPWQLLEQIHKVHFLLHKDTVAFNDNRDPLSSYNIIAWDWNGPKWTFTVLGSSTWSPVQLNINETKIQWHGKDNQVPKSVCSSDCLEGHQRVVTGFHHCCFECVPCGAGTFLNKSDLYRCQPCGKEEWAPEGSQTCFPRTVVFLALREHTSWVLLAANTLLLLLLLGTAGLFAWHLDTPVVRSAGGRLCFLMLGSLAAGSGSLYGFFGEPTRPACLLRQALFALGFTIFLSCLTVRSFQLIIIFKFSTKVPTFYHAWVQNHGAGLFVMISSAAQLLICLTWLVVWTPLPAREYQRFPHLVMLECTETNSLGFILAFLYNGLLSISAFACSYLGKDLPENYNEAKCVTFSLLFNFVSWIAFFTTASVYDGKYLPAANMMAGLSSLSSGFGGYFLPKCYVILCRPDLNSTEHFQASIQDYTRRCGST,80835;,Homo sapiens (Human)
Q01959,SC6A3_HUMAN,SLC6A3,MSKSKCSVGLMSSVVAPAKEPNAVGPKEVELILVKEQNGVQLTSSTLTNPRQSPVEAQDRETWGKKIDFLLSVIGFAVDLANVWRFPYLCYKNGGGAFLVPYLLFMVIAGMPLFYMELALGQFNREGAAGVWKICPILKGVGFTVILISLYVGFFYNVIIAWALHYLFSSFTTELPWIHCNNSWNSPNCSDAHPGDSSGDSSGLNDTFGTTPAAEYFERGVLHLHQSHGIDDLGPPRWQLTACLVLVIVLLYFSLWKGVKTSGKVVWITATMPYVVLTALLLRGVTLPGAIDGIRAYLSVDFYRLCEASVWIDAATQVCFSLGVGFGVLIAFSSYNKFTNNCYRDAIVTTSINSLTSFSSGFVVFSFLGYMAQKHSVPIGDVAKDGPGLIFIIYPEAIATLPLSSAWAVVFFIMLLTLGIDSAMGGMESVITGLIDEFQLLHRHRELFTLFIVLATFLLSLFCVTNGGIYVFTLLDHFAAGTSILFGVLIEAIGVAWFYGVGQFSDDIQQMTGQRPSLYWRLCWKLVSPCFLLFVVVVSIVTFRPPHYGAYIFPDWANALGWVIATSSMAMVPIYAAYKFCSLPGSFREKLAYAIAPEKDRELVDRGEVRQFTLRHWLKV,6531;,Homo sapiens (Human)
P08240,SRPRA_HUMAN,SRPRA,MLDFFTIFSKGGLVLWCFQGVSDSCTGPVNALIRSVLLQERGGNNSFTHEALTLKYKLDNQFELVFVVGFQKILTLTYVDKLIDDVHRLFRDKYRTEIQQQSALSLLNGTFDFQNDFLRLLREAEESSKIRAPTTMKKFEDSEKAKKPVRSMIETRGEKPKEKAKNSKKKGAKKEGSDGPLATSKPVPAEKSGLPVGPENGVELSKEELIRRKREEFIQKHGRGMEKSNKSTKSDAPKEKGKKAPRVWELGGCANKEVLDYSTPTTNGTPEAALSEDINLIRGTGSGGQLQDLDCSSSDDEGAAQNSTKPSATKGTLGGMFGMLKGLVGSKSLSREDMESVLDKMRDHLIAKNVAADIAVQLCESVANKLEGKVMGTFSTVTSTVKQALQESLVQILQPQRRVDMLRDIMDAQRRQRPYVVTFCGVNGVGKSTNLAKISFWLLENGFSVLIAACDTFRAGAVEQLRTHTRRLSALHPPEKHGGRTMVQLFEKGYGKDAAGIAMEAIAFARNQGFDVVLVDTAGRMQDNAPLMTALAKLITVNTPDLVLFVGEALVGNEAVDQLVKFNRALADHSMAQTPRLIDGIVLTKFDTIDDKVGAAISMTYITSKPIVFVGTGQTYCDLRSLNAKAVVAALMKA,6734;,Homo sapiens (Human)
P35498,SCN1A_HUMAN,SCN1A,MEQTVLVPPGPDSFNFFTRESLAAIERRIAEEKAKNPKPDKKDDDENGPKPNSDLEAGKNLPFIYGDIPPEMVSEPLEDLDPYYINKKTFIVLNKGKAIFRFSATSALYILTPFNPLRKIAIKILVHSLFSMLIMCTILTNCVFMTMSNPPDWTKNVEYTFTGIYTFESLIKIIARGFCLEDFTFLRDPWNWLDFTVITFAYVTEFVDLGNVSALRTFRVLRALKTISVIPGLKTIVGALIQSVKKLSDVMILTVFCLSVFALIGLQLFMGNLRNKCIQWPPTNASLEEHSIEKNITVNYNGTLINETVFEFDWKSYIQDSRYHYFLEGFLDALLCGNSSDAGQCPEGYMCVKAGRNPNYGYTSFDTFSWAFLSLFRLMTQDFWENLYQLTLRAAGKTYMIFFVLVIFLGSFYLINLILAVVAMAYEEQNQATLEEAEQKEAEFQQMIEQLKKQQEAAQQAATATASEHSREPSAAGRLSDSSSEASKLSSKSAKERRNRRKKRKQKEQSGGEEKDEDEFQKSESEDSIRRKGFRFSIEGNRLTYEKRYSSPHQSLLSIRGSLFSPRRNSRTSLFSFRGRAKDVGSENDFADDEHSTFEDNESRRDSLFVPRRHGERRNSNLSQTSRSSRMLAVFPANGKMHSTVDCNGVVSLVGGPSVPTSPVGQLLPEVIIDKPATDDNGTTTETEMRKRRSSSFHVSMDFLEDPSQRQRAMSIASILTNTVEELEESRQKCPPCWYKFSNIFLIWDCSPYWLKVKHVVNLVVMDPFVDLAITICIVLNTLFMAMEHYPMTDHFNNVLTVGNLVFTGIFTAEMFLKIIAMDPYYYFQEGWNIFDGFIVTLSLVELGLANVEGLSVLRSFRLLRVFKLAKSWPTLNMLIKIIGNSVGALGNLTLVLAIIVFIFAVVGMQLFGKSYKDCVCKIASDCQLPRWHMNDFFHSFLIVFRVLCGEWIETMWDCMEVAGQAMCLTVFMMVMVIGNLVVLNLFLALLLSSFSADNLAATDDDNEMNNLQIAVDRMHKGVAYVKRKIYEFIQQSFIRKQKILDEIKPLDDLNNKKDSCMSNHTAEIGKDLDYLKDVNGTTSGIGTGSSVEKYIIDESDYMSFINNPSLTVTVPIAVGESDFENLNTEDFSSESDLEESKEKLNESSSSSEGSTVDIGAPVEEQPVVEPEETLEPEACFTEGCVQRFKCCQINVEEGRGKQWWNLRRTCFRIVEHNWFETFIVFMILLSSGALAFEDIYIDQRKTIKTMLEYADKVFTYIFILEMLLKWVAYGYQTYFTNAWCWLDFLIVDVSLVSLTANALGYSELGAIKSLRTLRALRPLRALSRFEGMRVVVNALLGAIPSIMNVLLVCLIFWLIFSIMGVNLFAGKFYHCINTTTGDRFDIEDVNNHTDCLKLIERNETARWKNVKVNFDNVGFGYLSLLQVATFKGWMDIMYAAVDSRNVELQPKYEESLYMYLYFVIFIIFGSFFTLNLFIGVIIDNFNQQKKKFGGQDIFMTEEQKKYYNAMKKLGSKKPQKPIPRPGNKFQGMVFDFVTRQVFDISIMILICLNMVTMMVETDDQSEYVTTILSRINLVFIVLFTGECVLKLISLRHYYFTIGWNIFDFVVVILSIVGMFLAELIEKYFVSPTLFRVIRLARIGRILRLIKGAKGIRTLLFALMMSLPALFNIGLLLFLVMFIYAIFGMSNFAYVKREVGIDDMFNFETFGNSMICLFQITTSAGWDGLLAPILNSKPPDCDPNKVNPGSSVKGDCGNPSVGIFFFVSYIIISFLVVVNMYIAVILENFSVATEESAEPLSEDDFEMFYEVWEKFDPDATQFMEFEKLSQFAAALEPPLNLPQPNKLQLIAMDLPMVSGDRIHCLDILFAFTKRVLGESGEMDALRIQMEERFMASNPSKVSYQPITTTLKRKQEEVSAVIIQRAYRRHLLKRTVKQASFTYNKNKIKGGANLLIKEDMIIDRINENSITEKTDLTMSTAACPPSYDRVTKPIVEKHEQEGKDEKAKGK,6323;,Homo sapiens (Human)
P00918,CAH2_HUMAN,CA2,MSHHWGYGKHNGPEHWHKDFPIAKGERQSPVDIDTHTAKYDPSLKPLSVSYDQATSLRILNNGHAFNVEFDDSQDKAVLKGGPLDGTYRLIQFHFHWGSLDGQGSEHTVDKKKYAAELHLVHWNTKYGDFGKAVQQPDGLAVLGIFLKVGSAKPGLQKVVDVLDSIKTKGKSADFTNFDPRGLLPESLDYWTYPGSLTTPPLLECVTWIVLKEPISVSSEQVLKFRKLNFNGEGEPEELMVDNWRPAQPLKNRQIKASFK,760;,Homo sapiens (Human)
P02768,ALBU_HUMAN,ALB,MKWVTFISLLFLFSSAYSRGVFRRDAHKSEVAHRFKDLGEENFKALVLIAFAQYLQQCPFEDHVKLVNEVTEFAKTCVADESAENCDKSLHTLFGDKLCTVATLRETYGEMADCCAKQEPERNECFLQHKDDNPNLPRLVRPEVDVMCTAFHDNEETFLKKYLYEIARRHPYFYAPELLFFAKRYKAAFTECCQAADKAACLLPKLDELRDEGKASSAKQRLKCASLQKFGERAFKAWAVARLSQRFPKAEFAEVSKLVTDLTKVHTECCHGDLLECADDRADLAKYICENQDSISSKLKECCEKPLLEKSHCIAEVENDEMPADLPSLAADFVESKDVCKNYAEAKDVFLGMFLYEYARRHPDYSVVLLLRLAKTYETTLEKCCAAADPHECYAKVFDEFKPLVEEPQNLIKQNCELFEQLGEYKFQNALLVRYTKKVPQVSTPTLVEVSRNLGKVGSKCCKHPEAKRMPCAEDYLSVVLNQLCVLHEKTPVSDRVTKCCTESLVNRRPCFSALEVDETYVPKEFNAETFTFHADICTLSEKERQIKKQTALVELVKHKPKATKEQLKAVMDDFAAFVEKCCKADDKETCFAEEGKKLVAASQAALGL,213;,Homo sapiens (Human)
P18031,PTN1_HUMAN,PTPN1,MEMEKEFEQIDKSGSWAAIYQDIRHEASDFPCRVAKLPKNKNRNRYRDVSPFDHSRIKLHQEDNDYINASLIKMEEAQRSYILTQGPLPNTCGHFWEMVWEQKSRGVVMLNRVMEKGSLKCAQYWPQKEEKEMIFEDTNLKLTLISEDIKSYYTVRQLELENLTTQETREILHFHYTTWPDFGVPESPASFLNFLFKVRESGSLSPEHGPVVVHCSAGIGRSGTFCLADTCLLLMDKRKDPSSVDIKKVLLEMRKFRMGLIQTADQLRFSYLAVIEGAKFIMGDSSVQDQWKELSHEDLEPPPEHIPPPPRPPKRILEPHNGKCREFFPNHQWVKEETQEDKDCPIKEEKGSPLNAAPYGIESMSQDTEVRSRVVGGSLRGAQAASPAKGEPSLPEKDEDHALSYWKPFLVNMCVATVLTAGAYLCYRFLFNSNT,5770;,Homo sapiens (Human)
P46663,BKRB1_HUMAN,BDKRB1,MASSWPPLELQSSNQSQLFPQNATACDNAPEAWDLLHRVLPTFIISICFFGLLGNLFVLLVFLLPRRQLNVAEIYLANLAASDLVFVLGLPFWAENIWNQFNWPFGALLCRVINGVIKANLFISIFLVVAISQDRYRVLVHPMASRRQQRRRQARVTCVLIWVVGGLLSIPTFLLRSIQAVPDLNITACILLLPHEAWHFARIVELNILGFLLPLAAIVFFNYHILASLRTREEVSRTRCGGRKDSKTTALILTLVVAFLVCWAPYHFFAFLEFLFQVQAVRGCFWEDFIDLGLQLANFFAFTNSSLNPVIYVFVGRLFRTKVWELYKQCTPKSLAPISSSHRKEIFQLFWRN,623;,Homo sapiens (Human)
